<?xml version="1.0" encoding="UTF-8"?>
<project-private xmlns="http://www.netbeans.org/ns/project-private/1">
    <editor-bookmarks xmlns="http://www.netbeans.org/ns/editor-bookmarks/2" lastBookmarkId="0"/>
    <open-files xmlns="http://www.netbeans.org/ns/projectui-open-files/2">
        <group>
            <file>file:/C:/Users/jonat/OneDrive/Desktop/School/Summer2019/SoftwareDevelopment/assignment2/A2_FrontEnd/src/Front_End/MyFrontEnd.java</file>
            <file>file:/C:/Users/jonat/OneDrive/Desktop/School/Summer2019/SoftwareDevelopment/assignment2/A2_FrontEnd/src/Front_End/SuccessfulLogin.java</file>
            <file>file:/C:/Users/jonat/OneDrive/Desktop/School/Summer2019/SoftwareDevelopment/assignment2/A2_FrontEnd/src/Front_End/Registration.java</file>
            <file>file:/C:/Users/jonat/OneDrive/Desktop/School/Summer2019/SoftwareDevelopment/assignment2/A2_FrontEnd/src/Front_End/FuelForm.java</file>
        </group>
    </open-files>
</project-private>
